Overgrow, 001
Chlorophyll, 001
Overgrow, 002
Chlorophyll, 002
Overgrow, 003
Chlorophyll, 003
Blaze, 004
Solar Power, 004
Blaze, 005
Solar Power, 005
Blaze, 006
Solar Power, 006
Torrent, 007
Rain Dish, 007
Torrent, 008
Rain Dish, 008
Torrent, 009
Rain Dish, 009
Shield Dust, 010
Run Away, 010
Shed Skin, 011
Compoundeyes, 012
Tinted Lens, 012
Shield Dust, 013
Run Away, 013
Shed Skin, 014
Swarm, 015
Sniper, 015
Keen Eye, 016
Tangled Feet, 016
Big Pecks, 016
Keen Eye, 017
Tangled Feet, 017
Big Pecks, 017
Keen Eye, 018
Tangled Feet, 018
Big Pecks, 018
Run Away, 019
Guts, 019
Hustle, 019
Run Away, 020
Guts, 020
Hustle, 020
Keen Eye, 021
Sniper, 021
Keen Eye, 022
Sniper, 022
Intimidate, 023
Shed Skin, 023
Unnerve, 023
Intimidate, 024
Shed Skin, 024
Unnerve, 024
Static, 025
Lightningrod, 025
Static, 026
Lightningrod, 026
Sand Veil, 027
Sand Rush, 027
Sand Veil, 028
Sand Rush, 028
Poison Point, 029
Rivalry, 029
Hustle, 029
Poison Point, 030
Rivalry, 030
Hustle, 030
Poison Point, 031
Rivalry, 031
Sheer Force, 031
Poison Point, 032
Rivalry, 032
Hustle, 032
Poison Point, 033
Rivalry, 033
Hustle, 033
Poison Point, 034
Rivalry, 034
Sheer Force, 034
Cute Charm, 035
Magic Guard, 035
Friend Guard, 035
Cute Charm, 036
Magic Guard, 036
Unaware, 036
Flash Fire, 037
Drought, 037
Flash Fire, 038
Drought, 038
Cute Charm, 039
Competitive, 039
Friend Guard, 039
Cute Charm, 040
Competitive, 040
Frisk, 040
Inner Focus, 041
Infiltrator, 041
Inner Focus, 042
Infiltrator, 042
Chlorophyll, 043
Run Away, 043
Chlorophyll, 044
Stench, 044
Chlorophyll, 045
Effect Spore, 045
Effect Spore, 046
Dry Skin, 046
Damp, 046
Effect Spore, 047
Dry Skin, 047
Damp, 047
Compoundeyes, 048
Tinted Lens, 048
Run Away, 048
Shield Dust, 049
Tinted Lens, 049
Wonder Skin , 049
Sand Veil, 050
Arena Trap, 050
Sand Force, 050
Sand Veil, 051
Arena Trap, 051
Sand Force, 051
Pickup, 052
Technician, 052
Unnerve, 052
Limber, 053
Technician, 053
Unnerve, 053
Damp, 054
Cloud Nine, 054
Swift Swim, 054
Damp, 055
Cloud Nine, 055
Swift Swim, 055
Vital Spirit, 056
Anger Point, 056
Defiant, 056
Vital Spirit, 057
Anger Point, 057
Defiant, 057
Intimidate, 058
Flash Fire, 058
Justified, 058
Intimidate, 059
Flash Fire, 059
Justified, 059
Water Absorb, 060
Damp, 060
Swift Swim, 060
Water Absorb, 061
Damp, 061
Swift Swim, 061
Water Absorb, 062
Damp, 062
Swift Swim, 062
Synchronize, 063
Inner Focus, 063
Magic Guard, 063
Synchronize, 064
Inner Focus, 064
Magic Guard, 064
Synchronize, 065
Inner Focus, 065
Magic Guard, 065
Guts, 066
No Guard, 066
Steadfast, 066
Guts, 067
No Guard, 067
Steadfast, 067
Guts, 068
No Guard, 068
Steadfast, 068
Chlorophyll, 069
Gluttony, 069
Chlorophyll, 070
Gluttony, 070
Chlorophyll, 071
Gluttony, 071
Clear Body, 072
Liquid Ooze, 072
Rain Dish, 072
Clear Body, 073
Liquid Ooze, 073
Rain Dish, 073
Rock Head, 074
Sturdy, 074
Sand Veil, 074
Rock Head, 075
Sturdy, 075
Sand Veil, 075
Rock Head, 076
Sturdy, 076
Sand Veil, 076
Run Away, 077
Flash Fire, 077
Flame Body, 077
Run Away, 078
Flash Fire, 078
Flame Body, 078
Oblivious, 079
Own Tempo, 079
Regenerator, 079
Oblivious, 080
Own Tempo, 080
Regenerator, 080
Magnet Pull, 081
Sturdy, 081
Analytic, 081
Magnet Pull, 082
Sturdy, 082
Analytic, 082
Keen Eye, 083
Inner Focus, 083
Defiant, 083
Run Away, 084
Early Bird, 084
Tangled Feet, 084
Run Away, 085
Early Bird, 085
Tangled Feet, 085
Thick Fat, 086
Hydration, 086
Ice Body, 086
Thick Fat, 087
Hydration, 087
Ice Body, 087
Stench, 088
Sticky Hold, 088
Poison Touch, 088
Stench, 089
Sticky Hold, 089
Poison Touch, 089
Shell Armor, 090
Skill Link, 090
Overcoat, 090
Shell Armor, 091
Skill Link, 091
Overcoat, 091
Levitate, 092
Levitate, 093
Cursed Body, 094
Rock Head, 095
Sturdy, 095
Weak Armor, 095
Insomnia, 096
Forewarn, 096
Inner Focus, 096
Insomnia, 097
Forewarn, 097
Inner Focus, 097
Hyper Cutter, 098
Shell Armor, 098
Sheer Force, 098
Hyper Cutter, 099
Shell Armor, 099
Sheer Force, 099
Soundproof, 100
Static, 100
Aftermath, 100
Soundproof, 101
Static, 101
Aftermath, 101
Chlorophyll, 102
Harvest, 102
Chlorophyll, 103
Harvest, 103
Rock Head, 104
Lightningrod, 104
Battle Armor, 104
Rock Head, 105
Lightningrod, 105
Battle Armor, 105
Limber, 106
Reckless, 106
Unburden, 106
Keen Eye, 107
Iron Fist, 107
Inner Focus, 107
Own Tempo, 108
Oblivious, 108
Cloud Nine, 108
Levitate, 109
Levitate, 110
Lightningrod, 111
Rock Head, 111
Reckless, 111
Lightningrod, 112
Rock Head, 112
Reckless, 112
Natural Cure, 113
Serene Grace, 113
Healer, 113
Chlorophyll, 114
Leaf Guard, 114
Regenerator, 114
Early Bird, 115
Scrappy, 115
Inner Focus, 115
Swift Swim, 116
Sniper, 116
Damp, 116
Poison Point, 117
Sniper, 117
Damp, 117
Swift Swim, 118
Water Veil, 118
Lightningrod, 118
Swift Swim, 119
Water Veil, 119
Lightningrod, 119
Illuminate, 120
Natural Cure, 120
Analytic, 120
Illuminate, 121
Natural Cure, 121
Analytic, 121
Soundproof, 122
Filter, 122
Technician, 122
Swarm, 123
Technician, 123
Steadfast, 123
Oblivious, 124
Forewarn, 124
Dry Skin, 124
Static, 125
Vital Spirit, 125
Flame Body, 126
Vital Spirit, 126
Hyper Cutter, 127
Mold Breaker, 127
Moxie, 127
Intimidate, 128
Anger Point, 128
Sheer Force, 128
Swift Swim, 129
Rattled, 129
Intimidate, 130
Moxie, 130
Water Absorb, 131
Shell Armor, 131
Hydration, 131
Limber, 132
Imposter, 132
Run Away, 133
Adaptability, 133
Anticipation, 133
Water Absorb, 134
Hydration, 134
Volt Absorb, 135
Quick Feet, 135
Flash Fire, 136
Guts, 136
Trace, 137
Download, 137
Analytic, 137
Swift Swim, 138
Shell Armor, 138
Weak Armor, 138
Swift Swim, 139
Shell Armor, 139
Weak Armor, 139
Swift Swim, 140
Battle Armor, 140
Weak Armor, 140
Swift Swim, 141
Battle Armor, 141
Weak Armor, 141
Rock Head, 142
Pressure, 142
Unnerve, 142
Immunity, 143
Thick Fat, 143
Gluttony, 143
Pressure, 144
Snow Cloak, 144
Pressure, 145
Static, 145
Pressure, 146
Flame Body, 146
Shed Skin, 147
Marvel Scale, 147
Shed Skin, 148
Marvel Scale, 148
Inner Focus, 149
Multiscale, 149
Pressure, 150
Unnerve, 150
Synchronize, 151
Overgrow, 152
Leaf Guard, 152
Overgrow, 153
Leaf Guard, 153
Overgrow, 154
Leaf Guard, 154
Blaze, 155
Flash Fire, 155
Blaze, 156
Flash Fire, 156
Blaze, 157
Flash Fire, 157
Torrent, 158
Sheer Force, 158
Torrent, 159
Sheer Force, 159
Torrent, 160
Sheer Force, 160
Run Away, 161
Keen Eye, 161
Frisk, 161
Run Away, 162
Keen Eye, 162
Frisk, 162
Insomnia, 163
Keen Eye, 163
Tinted Lens, 163
Insomnia, 164
Keen Eye, 164
Tinted Lens, 164
Swarm, 165
Early Bird, 165
Rattled, 165
Swarm, 166
Early Bird, 166
Iron Fist, 166
Swarm, 167
Insomnia, 167
Sniper, 167
Swarm, 168
Insomnia, 168
Sniper, 168
Inner Focus, 169
Infiltrator, 169
Volt Absorb, 170
Illuminate, 170
Water Absorb, 170
Volt Absorb, 171
Illuminate, 171
Water Absorb, 171
Static, 172
Lightningrod, 172
Cute Charm, 173
Magic Guard, 173
Friend Guard, 173
Cute Charm, 174
Competitive, 174
Friend Guard, 174
Hustle, 175
Serene Grace, 175
Super Luck, 175
Hustle, 176
Serene Grace, 176
Super Luck, 176
Synchronize, 177
Early Bird, 177
Magic Bounce, 177
Synchronize, 178
Early Bird, 178
Magic Bounce, 178
Static, 179
Plus, 179
Static, 180
Plus, 180
Static, 181
Plus, 181
Chlorophyll, 182
Healer, 182
Thick Fat, 183
Huge Power, 183
Sap Sipper, 183
Thick Fat, 184
Huge Power, 184
Sap Sipper, 184
Sturdy, 185
Rock Head, 185
Rattled, 185
Water Absorb, 186
Damp, 186
Drizzle, 186
Chlorophyll, 187
Leaf Guard, 187
Infiltrator, 187
Chlorophyll, 188
Leaf Guard, 188
Infiltrator, 188
Chlorophyll, 189
Leaf Guard, 189
Infiltrator, 189
Run Away, 190
Pickup, 190
Skill Link, 190
Chlorophyll, 191
Solar Power, 191
Early Bird, 191
Chlorophyll, 192
Solar Power, 192
Early Bird, 192
Speed Boost, 193
Compoundeyes, 193
Frisk, 193
Damp, 194
Water Absorb, 194
Unaware, 194
Damp, 195
Water Absorb, 195
Unaware, 195
Synchronize, 196
Magic Bounce, 196
Synchronize, 197
Inner Focus, 197
Insomnia, 198
Super Luck, 198
Prankster, 198
Oblivious, 199
Own Tempo, 199
Regenerator, 199
Levitate, 200
Levitate, 201
Shadow Tag, 202
Telepathy, 202
Inner Focus, 203
Early Bird, 203
Sap Sipper, 203
Sturdy, 204
Overcoat, 204
Sturdy, 205
Overcoat, 205
Serene Grace, 206
Run Away, 206
Rattled, 206
Hyper Cutter, 207
Sand Veil, 207
Immunity, 207
Rock Head, 208
Sturdy, 208
Sheer Force, 208
Intimidate, 209
Run Away, 209
Rattled, 209
Intimidate, 210
Quick Feet, 210
Rattled, 210
Poison Point, 211
Swift Swim, 211
Intimidate, 211
Swarm, 212
Technician, 212
Light Metal, 212
Sturdy, 213
Gluttony, 213
Contrary, 213
Swarm, 214
Guts, 214
Moxie, 214
Inner Focus, 215
Keen Eye, 215
Pickpocket, 215
Pickup, 216
Quick Feet, 216
Honey Gather, 216
Guts, 217
Quick Feet, 217
Unnerve, 217
Magma Armor, 218
Flame Body, 218
Weak Armor, 218
Magma Armor, 219
Flame Body, 219
Weak Armor, 219
Oblivious, 220
Snow Cloak, 220
Thick Fat, 220
Oblivious, 221
Snow Cloak, 221
Thick Fat, 221
Hustle, 222
Natural Cure, 222
Regenerator, 222
Hustle, 223
Sniper, 223
Moody, 223
Suction Cups, 224
Sniper, 224
Moody, 224
Vital Spirit, 225
Hustle, 225
Insomnia, 225
Swift Swim, 226
Water Absorb, 226
Water Veil, 226
Keen Eye, 227
Sturdy, 227
Weak Armor, 227
Early Bird, 228
Flash Fire, 228
Unnerve, 228
Early Bird, 229
Flash Fire, 229
Unnerve, 229
Swift Swim, 230
Sniper, 230
Damp, 230
Pickup, 231
Sand Veil, 231
Sturdy, 232
Sand Veil, 232
Trace, 233
Download, 233
Analytic, 233
Intimidate, 234
Frisk, 234
Sap Sipper, 234
Own Tempo, 235
Technician, 235
Moody, 235
Guts, 236
Steadfast, 236
Vital Spirit, 236
Intimidate, 237
Technician, 237
Steadfast, 237
Oblivious, 238
Forewarn, 238
Hydration, 238
Static, 239
Vital Spirit, 239
Flame Body, 240
Vital Spirit, 240
Thick Fat, 241
Scrappy, 241
Sap Sipper, 241
Natural Cure, 242
Serene Grace, 242
Healer, 242
Pressure, 243
Inner Focus, 243
Pressure, 244
Inner Focus, 244
Pressure, 245
Inner Focus, 245
Guts, 246
Sand Veil, 246
Shed Skin, 247
Sand Stream, 248
Unnerve, 248
Pressure, 249
Multiscale, 249
Pressure, 250
Regenerator, 250
Natural Cure, 251
Overgrow, 252
Unburden, 252
Overgrow, 253
Unburden, 253
Overgrow, 254
Unburden, 254
Blaze, 255
Speed Boost, 255
Blaze, 256
Speed Boost, 256
Blaze, 257
Speed Boost, 257
Torrent, 258
Damp, 258
Torrent, 259
Damp, 259
Torrent, 260
Damp, 260
Run Away, 261
Quick Feet, 261
Rattled, 261
Intimidate, 262
Quick Feet, 262
Moxie, 262
Pickup, 263
Gluttony, 263
Quick Feet, 263
Pickup, 264
Gluttony, 264
Quick Feet, 264
Shield Dust, 265
Run Away, 265
Shed Skin, 266
Swarm, 267
Rivalry, 267
Shed Skin, 268
Shield Dust, 269
Compoundeyes, 269
Swift Swim, 270
Rain Dish, 270
Own Tempo, 270
Swift Swim, 271
Rain Dish, 271
Own Tempo, 271
Swift Swim, 272
Rain Dish, 272
Own Tempo, 272
Chlorophyll, 273
Early Bird, 273
Pickpocket, 273
Chlorophyll, 274
Early Bird, 274
Pickpocket, 274
Chlorophyll, 275
Early Bird, 275
Pickpocket, 275
Guts, 276
Scrappy, 276
Guts, 277
Scrappy, 277
Keen Eye, 278
Hydration, 278
Rain Dish, 278
Keen Eye, 279
Drizzle, 279
Rain Dish, 279
Synchronize, 280
Trace, 280
Telepathy, 280
Synchronize, 281
Trace, 281
Telepathy, 281
Synchronize, 282
Trace, 282
Telepathy, 282
Swift Swim, 283
Rain Dish, 283
Intimidate, 284
Unnerve, 284
Effect Spore, 285
Poison Heal, 285
Quick Feet, 285
Effect Spore, 286
Poison Heal, 286
Technician, 286
Truant, 287
Vital Spirit, 288
Truant, 289
Compoundeyes, 290
Run Away, 290
Speed Boost, 291
Infiltrator, 291
Wonder Guard, 292
Soundproof, 293
Rattled, 293
Soundproof, 294
Scrappy, 294
Soundproof, 295
Scrappy, 295
Thick Fat, 296
Guts, 296
Sheer Force, 296
Thick Fat, 297
Guts, 297
Sheer Force, 297
Thick Fat, 298
Huge Power, 298
Sap Sipper, 298
Sturdy, 299
Magnet Pull, 299
Sand Force, 299
Cute Charm, 300
Normalize, 300
Wonder Skin , 300
Cute Charm, 301
Normalize, 301
Wonder Skin , 301
Keen Eye, 302
Stall, 302
Prankster, 302
Hyper Cutter, 303
Intimidate, 303
Sheer Force, 303
Sturdy, 304
Rock Head, 304
Heavy Metal, 304
Sturdy, 305
Rock Head, 305
Heavy Metal, 305
Sturdy, 306
Rock Head, 306
Heavy Metal, 306
Pure Power, 307
Telepathy, 307
Pure Power, 308
Telepathy, 308
Static, 309
Lightningrod, 309
Minus, 309
Static, 310
Lightningrod, 310
Minus, 310
Plus, 311
Lightningrod, 311
Minus, 312
Volt Absorb, 312
Illuminate, 313
Swarm, 313
Prankster, 313
Oblivious, 314
Tinted Lens, 314
Prankster, 314
Natural Cure, 315
Poison Point, 315
Leaf Guard, 315
Liquid Ooze, 316
Sticky Hold, 316
Gluttony, 316
Liquid Ooze, 317
Sticky Hold, 317
Gluttony, 317
Rough Skin, 318
Speed Boost, 318
Rough Skin, 319
Speed Boost, 319
Water Veil, 320
Oblivious, 320
Pressure, 320
Water Veil, 321
Oblivious, 321
Pressure, 321
Oblivious, 322
Simple, 322
Own Tempo, 322
Magma Armor, 323
Solid Rock, 323
Anger Point, 323
White Smoke, 324
Drought, 324
Shell Armor, 324
Thick Fat, 325
Own Tempo, 325
Gluttony, 325
Thick Fat, 326
Own Tempo, 326
Gluttony, 326
Own Tempo, 327
Tangled Feet, 327
Contrary, 327
Hyper Cutter, 328
Arena Trap, 328
Sheer Force, 328
Levitate, 329
Levitate, 330
Sand Veil, 331
Water Absorb, 331
Sand Veil, 332
Water Absorb, 332
Natural Cure, 333
Cloud Nine, 333
Natural Cure, 334
Cloud Nine, 334
Immunity, 335
Toxic Boost, 335
Shed Skin, 336
Infiltrator, 336
Levitate, 337
Levitate, 338
Oblivious, 339
Anticipation, 339
Hydration, 339
Oblivious, 340
Anticipation, 340
Hydration, 340
Hyper Cutter, 341
Shell Armor, 341
Adaptability, 341
Hyper Cutter, 342
Shell Armor, 342
Adaptability, 342
Levitate, 343
Levitate, 344
Suction Cups, 345
Storm Drain, 345
Suction Cups, 346
Storm Drain, 346
Battle Armor, 347
Swift Swim, 347
Battle Armor, 348
Swift Swim, 348
Swift Swim, 349
Oblivious, 349
Adaptability, 349
Marvel Scale, 350
Competitive, 350
Cute Charm, 350
Forecast, 351
Color Change, 352
Protean, 352
Insomnia, 353
Frisk, 353
Cursed Body, 353
Insomnia, 354
Frisk, 354
Cursed Body, 354
Levitate, 355
Frisk, 355
Pressure, 356
Frisk, 356
Chlorophyll, 357
Solar Power, 357
Harvest, 357
Levitate, 358
Pressure, 359
Super Luck, 359
Justified, 359
Shadow Tag, 360
Telepathy, 360
Inner Focus, 361
Ice Body, 361
Moody, 361
Inner Focus, 362
Ice Body, 362
Moody, 362
Thick Fat, 363
Ice Body, 363
Oblivious, 363
Thick Fat, 364
Ice Body, 364
Oblivious, 364
Thick Fat, 365
Ice Body, 365
Oblivious, 365
Shell Armor, 366
Rattled, 366
Swift Swim, 367
Water Veil, 367
Swift Swim, 368
Hydration, 368
Swift Swim, 369
Rock Head, 369
Sturdy, 369
Swift Swim, 370
Hydration, 370
Rock Head, 371
Sheer Force, 371
Rock Head, 372
Overcoat, 372
Intimidate, 373
Moxie, 373
Clear Body, 374
Light Metal, 374
Clear Body, 375
Light Metal, 375
Clear Body, 376
Light Metal, 376
Clear Body, 377
Sturdy, 377
Clear Body, 378
Ice Body, 378
Clear Body, 379
Light Metal, 379
Levitate, 380
Levitate, 381
Drizzle, 382
Drought, 383
Air Lock, 384
Serene Grace, 385
Pressure, 386
Overgrow, 387
Shell Armor, 387
Overgrow, 388
Shell Armor, 388
Overgrow, 389
Shell Armor, 389
Blaze, 390
Iron Fist, 390
Blaze, 391
Iron Fist, 391
Blaze, 392
Iron Fist, 392
Torrent, 393
Defiant, 393
Torrent, 394
Defiant, 394
Torrent, 395
Defiant, 395
Keen Eye, 396
Reckless, 396
Intimidate, 397
Reckless, 397
Intimidate, 398
Reckless, 398
Simple, 399
Unaware, 399
Moody, 399
Simple, 400
Unaware, 400
Moody, 400
Shed Skin, 401
Run Away, 401
Swarm, 402
Technician, 402
Rivalry, 403
Intimidate, 403
Guts, 403
Rivalry, 404
Intimidate, 404
Guts, 404
Rivalry, 405
Intimidate, 405
Guts, 405
Natural Cure, 406
Poison Point, 406
Leaf Guard, 406
Natural Cure, 407
Poison Point, 407
Technician, 407
Mold Breaker, 408
Sheer Force, 408
Mold Breaker, 409
Sheer Force, 409
Sturdy, 410
Soundproof, 410
Sturdy, 411
Soundproof, 411
Shed Skin, 412
Overcoat, 412
Anticipation, 413
Overcoat, 413
Swarm, 414
Tinted Lens, 414
Honey Gather, 415
Hustle, 415
Pressure, 416
Unnerve, 416
Run Away, 417
Pickup, 417
Volt Absorb, 417
Swift Swim, 418
Water Veil, 418
Swift Swim, 419
Water Veil, 419
Chlorophyll, 420
Flower Gift, 421
Sticky Hold, 422
Storm Drain, 422
Sand Force, 422
Sticky Hold, 423
Storm Drain, 423
Sand Force, 423
Technician, 424
Pickup, 424
Skill Link, 424
Aftermath, 425
Unburden, 425
Flare Boost, 425
Aftermath, 426
Unburden, 426
Flare Boost, 426
Run Away, 427
Klutz, 427
Limber, 427
Cute Charm, 428
Klutz, 428
Limber, 428
Levitate, 429
Insomnia, 430
Super Luck, 430
Moxie, 430
Limber, 431
Own Tempo, 431
Keen Eye, 431
Thick Fat, 432
Own Tempo, 432
Defiant, 432
Levitate, 433
Stench, 434
Aftermath, 434
Keen Eye, 434
Stench, 435
Aftermath, 435
Keen Eye, 435
Levitate, 436
Heatproof, 436
Heavy Metal, 436
Levitate, 437
Heatproof, 437
Heavy Metal, 437
Sturdy, 438
Rock Head, 438
Rattled, 438
Soundproof, 439
Filter, 439
Technician, 439
Natural Cure, 440
Serene Grace, 440
Friend Guard, 440
Keen Eye, 441
Tangled Feet, 441
Big Pecks, 441
Pressure, 442
Infiltrator, 442
Sand Veil, 443
Rough Skin, 443
Sand Veil, 444
Rough Skin, 444
Sand Veil, 445
Rough Skin, 445
Pickup, 446
Thick Fat, 446
Gluttony, 446
Steadfast, 447
Inner Focus, 447
Prankster, 447
Steadfast, 448
Inner Focus, 448
Justified, 448
Sand Stream, 449
Sand Force, 449
Sand Stream, 450
Sand Force, 450
Battle Armor, 451
Sniper, 451
Keen Eye, 451
Battle Armor, 452
Sniper, 452
Keen Eye, 452
Anticipation, 453
Dry Skin, 453
Poison Touch, 453
Anticipation, 454
Dry Skin, 454
Poison Touch, 454
Levitate, 455
Swift Swim, 456
Storm Drain, 456
Water Veil, 456
Swift Swim, 457
Storm Drain, 457
Water Veil, 457
Swift Swim, 458
Water Absorb, 458
Water Veil, 458
Snow Warning, 459
Soundproof, 459
Snow Warning, 460
Soundproof, 460
Pressure, 461
Pickpocket, 461
Magnet Pull, 462
Sturdy, 462
Analytic, 462
Own Tempo, 463
Oblivious, 463
Cloud Nine, 463
Lightningrod, 464
Solid Rock, 464
Reckless, 464
Chlorophyll, 465
Leaf Guard, 465
Regenerator, 465
Motor Drive, 466
Vital Spirit, 466
Flame Body, 467
Vital Spirit, 467
Hustle, 468
Serene Grace, 468
Super Luck, 468
Speed Boost, 469
Tinted Lens, 469
Frisk, 469
Leaf Guard, 470
Chlorophyll, 470
Snow Cloak, 471
Ice Body, 471
Hyper Cutter, 472
Sand Veil, 472
Poison Heal, 472
Oblivious, 473
Snow Cloak, 473
Thick Fat, 473
Adaptability, 474
Download, 474
Analytic, 474
Steadfast, 475
Justified, 475
Sturdy, 476
Magnet Pull, 476
Sand Force, 476
Pressure, 477
Frisk, 477
Snow Cloak, 478
Cursed Body, 478
Levitate, 479
Levitate, 480
Levitate, 481
Levitate, 482
Pressure, 483
Telepathy, 483
Pressure, 484
Telepathy, 484
Flash Fire, 485
Flame Body, 485
Slow Start, 486
Pressure, 487
Telepathy, 487
Levitate, 487
Levitate, 488
Hydration, 489
Hydration, 490
Bad Dreams, 491
Natural Cure, 492
Serene Grace, 492
Multitype, 493
Victory Star, 494
Overgrow, 495
Contrary, 495
Overgrow, 496
Contrary, 496
Overgrow, 497
Contrary, 497
Blaze, 498
Thick Fat, 498
Blaze, 499
Thick Fat, 499
Blaze, 500
Reckless, 500
Torrent, 501
Shell Armor, 501
Torrent, 502
Shell Armor, 502
Torrent, 503
Shell Armor, 503
Run Away, 504
Keen Eye, 504
Analytic, 504
Illuminate, 505
Keen Eye, 505
Analytic, 505
Vital Spirit, 506
Pickup, 506
Run Away, 506
Intimidate, 507
Sand Rush, 507
Scrappy, 507
Intimidate, 508
Sand Rush, 508
Scrappy, 508
Limber, 509
Unburden, 509
Prankster, 509
Limber, 510
Unburden, 510
Prankster, 510
Gluttony, 511
Overgrow, 511
Gluttony, 512
Overgrow, 512
Gluttony, 513
Blaze, 513
Gluttony, 514
Blaze, 514
Gluttony, 515
Torrent, 515
Gluttony, 516
Torrent, 516
Forewarn, 517
Synchronize, 517
Telepathy, 517
Forewarn, 518
Synchronize, 518
Telepathy, 518
Big Pecks, 519
Super Luck, 519
Rivalry, 519
Big Pecks, 520
Super Luck, 520
Rivalry, 520
Big Pecks, 521
Super Luck, 521
Rivalry, 521
Lightningrod, 522
Motor Drive, 522
Sap Sipper, 522
Lightningrod, 523
Motor Drive, 523
Sap Sipper, 523
Sturdy, 524
Weak Armor, 524
Sand Force, 524
Sturdy, 525
Weak Armor, 525
Sand Force, 525
Sturdy, 526
Sand Stream, 526
Sand Force, 526
Unaware, 527
Klutz, 527
Simple, 527
Unaware, 528
Klutz, 528
Simple, 528
Sand Rush, 529
Sand Force, 529
Mold Breaker, 529
Sand Rush, 530
Sand Force, 530
Mold Breaker, 530
Healer, 531
Regenerator, 531
Klutz, 531
Guts, 532
Sheer Force, 532
Iron Fist, 532
Guts, 533
Sheer Force, 533
Iron Fist, 533
Guts, 534
Sheer Force, 534
Iron Fist, 534
Swift Swim, 535
Hydration, 535
Water Absorb, 535
Swift Swim, 536
Hydration, 536
Water Absorb, 536
Swift Swim, 537
Poison Touch, 537
Water Absorb, 537
Guts, 538
Inner Focus, 538
Mold Breaker, 538
Sturdy, 539
Inner Focus, 539
Mold Breaker, 539
Swarm, 540
Chlorophyll, 540
Overcoat, 540
Leaf Guard, 541
Chlorophyll, 541
Overcoat, 541
Swarm, 542
Chlorophyll, 542
Overcoat, 542
Poison Point, 543
Swarm, 543
Speed Boost, 543
Poison Point, 544
Swarm, 544
Speed Boost, 544
Poison Point, 545
Swarm, 545
Speed Boost, 545
Prankster, 546
Infiltrator, 546
Chlorophyll, 546
Prankster, 547
Infiltrator, 547
Chlorophyll, 547
Chlorophyll, 548
Own Tempo, 548
Leaf Guard, 548
Chlorophyll, 549
Own Tempo, 549
Leaf Guard, 549
Reckless, 550
Rock Head, 550
Adaptability, 550
Mold Breaker, 550
Intimidate, 551
Moxie, 551
Anger Point, 551
Intimidate, 552
Moxie, 552
Anger Point, 552
Intimidate, 553
Moxie, 553
Anger Point, 553
Hustle, 554
Inner Focus, 554
Sheer Force, 555
Zen Mode, 555
Water Absorb, 556
Chlorophyll, 556
Storm Drain, 556
Sturdy, 557
Shell Armor, 557
Weak Armor, 557
Sturdy, 558
Shell Armor, 558
Weak Armor, 558
Shed Skin, 559
Moxie, 559
Intimidate, 559
Shed Skin, 560
Moxie, 560
Intimidate, 560
Wonder Skin , 561
Magic Guard, 561
Tinted Lens, 561
Mummy, 562
Mummy, 563
Solid Rock, 564
Sturdy, 564
Swift Swim, 564
Solid Rock, 565
Sturdy, 565
Swift Swim, 565
Defeatist, 566
Defeatist, 567
Stench, 568
Sticky Hold, 568
Aftermath, 568
Stench, 569
Weak Armor, 569
Aftermath, 569
Illusion, 570
Illusion, 571
Cute Charm, 572
Technician, 572
Skill Link, 572
Cute Charm, 573
Technician, 573
Skill Link, 573
Frisk, 574
Competitive, 574
Shadow Tag, 574
Frisk, 575
Competitive, 575
Shadow Tag, 575
Frisk, 576
Competitive, 576
Shadow Tag, 576
Overcoat, 577
Magic Guard, 577
Regenerator, 577
Overcoat, 578
Magic Guard, 578
Regenerator, 578
Overcoat, 579
Magic Guard, 579
Regenerator, 579
Keen Eye, 580
Big Pecks, 580
Hydration, 580
Keen Eye, 581
Big Pecks, 581
Hydration, 581
Ice Body, 582
Snow Cloak, 582
Weak Armor, 582
Ice Body, 583
Snow Cloak, 583
Weak Armor, 583
Ice Body, 584
Snow Warning, 584
Weak Armor, 584
Chlorophyll, 585
Sap Sipper, 585
Serene Grace, 585
Chlorophyll, 586
Sap Sipper, 586
Serene Grace, 586
Static, 587
Motor Drive, 587
Swarm, 588
Shed Skin, 588
No Guard, 588
Swarm, 589
Shell Armor, 589
Overcoat, 589
Effect Spore, 590
Regenerator, 590
Effect Spore, 591
Regenerator, 591
Water Absorb, 592
Cursed Body, 592
Damp, 592
Water Absorb, 593
Cursed Body, 593
Damp, 593
Healer, 594
Hydration, 594
Regenerator, 594
Compoundeyes, 595
Unnerve, 595
Swarm, 595
Compoundeyes, 596
Unnerve, 596
Swarm, 596
Iron Barbs, 597
Iron Barbs, 598
Anticipation, 598
Plus, 599
Minus, 599
Clear Body, 599
Plus, 600
Minus, 600
Clear Body, 600
Plus, 601
Minus, 601
Clear Body, 601
Levitate, 602
Levitate, 603
Levitate, 604
Telepathy, 605
Synchronize, 605
Analytic, 605
Telepathy, 606
Synchronize, 606
Analytic, 606
Flash Fire, 607
Flame Body, 607
Infiltrator, 607
Flash Fire, 608
Flame Body, 608
Infiltrator, 608
Flash Fire, 609
Flame Body, 609
Infiltrator, 609
Rivalry, 610
Mold Breaker, 610
Unnerve, 610
Rivalry, 611
Mold Breaker, 611
Unnerve, 611
Rivalry, 612
Mold Breaker, 612
Unnerve, 612
Snow Cloak, 613
Slush Rush, 613
Rattled, 613
Snow Cloak, 614
Slush Rush, 614
Swift Swim, 614
Levitate, 615
Hydration, 616
Shell Armor, 616
Overcoat, 616
Hydration, 617
Sticky Hold, 617
Unburden, 617
Static, 618
Limber, 618
Sand Veil, 618
Inner Focus, 619
Regenerator, 619
Reckless, 619
Inner Focus, 620
Regenerator, 620
Reckless, 620
Rough Skin, 621
Sheer Force, 621
Mold Breaker, 621
Iron Fist, 622
Klutz, 622
No Guard, 622
Iron Fist, 623
Klutz, 623
No Guard, 623
Defiant, 624
Inner Focus, 624
Pressure, 624
Defiant, 625
Inner Focus, 625
Pressure, 625
Reckless, 626
Sap Sipper, 626
Soundproof, 626
Keen Eye, 627
Sheer Force, 627
Hustle, 627
Keen Eye, 628
Sheer Force, 628
Defiant, 628
Big Pecks, 629
Overcoat, 629
Weak Armor, 629
Big Pecks, 630
Overcoat, 630
Weak Armor, 630
Gluttony, 631
Flash Fire, 631
White Smoke, 631
Swarm, 632
Hustle, 632
Truant, 632
Hustle, 633
Hustle, 634
Levitate, 635
Flame Body, 636
Swarm, 636
Flame Body, 637
Swarm, 637
Justified, 638
Justified, 639
Justified, 640
Prankster, 641
Defiant, 641
Regenerator, 641
Prankster, 642
Defiant, 642
Volt Absorb, 642
Turboblaze, 643
Teravolt, 644
Sand Force, 645
Sheer Force, 645
Intimidate, 645
Pressure, 646
Teravolt, 646
Turboblaze, 646
Justified, 647
Serene Grace, 648
Download, 649
Overgrow, 650
Bulletproof, 650
Overgrow, 651
Bulletproof, 651
Overgrow, 652
Bulletproof, 652
Blaze, 653
Magician, 653
Blaze, 654
Magician, 654
Blaze, 655
Magician, 655
Torrent, 656
Protean, 656
Torrent, 657
Protean, 657
Torrent, 658
Protean, 658
Battle Bond, 658
Pickup, 659
Cheek Pouch, 659
Huge Power, 659
Pickup, 660
Cheek Pouch, 660
Huge Power, 660
Big Pecks, 661
Gale Wings, 661
Flame Body, 662
Gale Wings, 662
Flame Body, 663
Gale Wings, 663
Shield Dust, 664
Compoundeyes, 664
Friend Guard, 664
Shed Skin, 665
Friend Guard, 665
Shield Dust, 666
Compoundeyes, 666
Friend Guard, 666
Rivalry, 667
Unnerve, 667
Moxie, 667
Rivalry, 668
Unnerve, 668
Moxie, 668
Flower Veil, 669
Symbiosis, 669
Flower Veil, 670
Symbiosis, 670
Flower Veil, 671
Symbiosis, 671
Sap Sipper, 672
Grass Pelt, 672
Sap Sipper, 673
Grass Pelt, 673
Iron Fist, 674
Mold Breaker, 674
Scrappy, 674
Iron Fist, 675
Mold Breaker, 675
Scrappy, 675
Fur Coat, 676
Keen Eye, 677
Infiltrator, 677
Own Tempo, 677
Keen Eye, 678
Infiltrator, 678
Prankster, 678
Competitive, 678
No Guard, 679
No Guard, 680
Stance Change, 681
Healer, 682
Aroma Veil, 682
Healer, 683
Aroma Veil, 683
Sweet Veil, 684
Unburden, 684
Sweet Veil, 685
Unburden, 685
Contrary, 686
Suction Cups, 686
Infiltrator, 686
Contrary, 687
Suction Cups, 687
Infiltrator, 687
Tough Claws, 688
Sniper, 688
Pickpocket, 688
Tough Claws, 689
Sniper, 689
Pickpocket, 689
Poison Point, 690
Poison Touch, 690
Adaptability, 690
Poison Point, 691
Poison Touch, 691
Adaptability, 691
Mega Launcher, 692
Mega Launcher, 693
Dry Skin, 694
Sand Veil, 694
Solar Power, 694
Dry Skin, 695
Sand Veil, 695
Solar Power, 695
Strong Jaw, 696
Sturdy, 696
Strong Jaw, 697
Rock Head, 697
Refrigerate, 698
Snow Warning, 698
Refrigerate, 699
Snow Warning, 699
Cute Charm, 700
Pixilate, 700
Limber, 701
Unburden, 701
Mold Breaker, 701
Cheek Pouch, 702
Pickup, 702
Plus, 702
Clear Body, 703
Sturdy, 703
Sap Sipper, 704
Hydration, 704
Gooey, 704
Sap Sipper, 705
Hydration, 705
Gooey, 705
Sap Sipper, 706
Hydration, 706
Gooey, 706
Prankster, 707
Magician, 707
Natural Cure, 708
Frisk, 708
Harvest, 708
Natural Cure, 709
Frisk, 709
Harvest, 709
Pickup, 710
Frisk, 710
Insomnia, 710
Pickup, 711
Frisk, 711
Insomnia, 711
Own Tempo, 712
Ice Body, 712
Sturdy, 712
Own Tempo, 713
Ice Body, 713
Sturdy, 713
Frisk, 714
Infiltrator, 714
Telepathy, 714
Frisk, 715
Infiltrator, 715
Telepathy, 715
Fairy Aura, 716
Dark Aura, 717
Aura Break, 718
Power Construct, 718
Clear Body, 719
Magician, 720
Water Absorb, 721
Overgrow, 722
Long Reach, 722
Overgrow, 723
Long Reach, 723
Overgrow, 724
Long Reach, 724
Blaze, 725
Intimidate, 725
Blaze, 726
Intimidate, 726
Blaze, 727
Intimidate, 727
Torrent, 728
Liquid Voice, 728
Torrent, 729
Liquid Voice, 729
Torrent, 730
Liquid Voice, 730
Keen Eye, 731
Skill Link, 731
Pickup, 731
Keen Eye, 732
Skill Link, 732
Pickup, 732
Keen Eye, 733
Skill Link, 733
Sheer Force, 733
Stakeout, 734
Strong Jaw, 734
Adaptability, 734
Stakeout, 735
Strong Jaw, 735
Adaptability, 735
Swarm, 736
Battery, 737
Levitate, 738
Hyper Cutter, 739
Iron Fist, 739
Anger Point, 739
Hyper Cutter, 740
Iron Fist, 740
Anger Point, 740
Dancer, 741
Honey Gather, 742
Shield Dust, 742
Sweet Veil, 742
Honey Gather, 743
Shield Dust, 743
Sweet Veil, 743
Keen Eye, 744
Vital Spirit, 744
Steadfast, 744
Own Tempo, 744
Keen Eye, 745
Sand Rush, 745
Steadfast, 745
Keen Eye, 745
Vital Spirit, 745
No Guard, 745
Tough Claws, 745
Schooling, 746
Merciless, 747
Limber, 747
Regenerator, 747
Merciless, 748
Limber, 748
Regenerator, 748
Own Tempo, 749
Stamina, 749
Inner Focus, 749
Own Tempo, 750
Stamina, 750
Inner Focus, 750
Water Bubble, 751
Water Absorb, 751
Water Bubble, 752
Water Absorb, 752
Leaf Guard, 753
Contrary, 753
Leaf Guard, 754
Contrary, 754
Illuminate, 755
Effect Spore, 755
Rain Dish, 755
Illuminate, 756
Effect Spore, 756
Rain Dish, 756
Corrosion, 757
Oblivious, 757
Corrosion, 758
Oblivious, 758
Fluffy, 759
Klutz, 759
Cute Charm, 759
Fluffy, 760
Klutz, 760
Unnerve, 760
Leaf Guard, 761
Oblivious, 761
Sweet Veil, 761
Leaf Guard, 762
Oblivious, 762
Sweet Veil, 762
Leaf Guard, 763
Queenly Majesty, 763
Sweet Veil, 763
Flower Veil, 764
Triage, 764
Natural Cure, 764
Inner Focus, 765
Telepathy, 765
Symbiosis, 765
Receiver, 766
Defiant, 766
Wimp Out, 767
Emergency Exit, 768
Water Compaction, 769
Sand Veil, 769
Water Compaction, 770
Sand Veil, 770
Innards Out, 771
Unaware, 771
Battle Armor, 772
RKS System, 773
Shields Down, 774
Comatose, 775
Shell Armor, 776
Iron Barbs, 777
Lightningrod, 777
Sturdy, 777
Disguise, 778
Dazzling, 779
Strong Jaw, 779
Wonder Skin , 779
Berserk, 780
Sap Sipper, 780
Cloud Nine, 780
Steelworker, 781
Bulletproof, 782
Soundproof, 782
Overcoat, 782
Bulletproof, 783
Soundproof, 783
Overcoat, 783
Bulletproof, 784
Soundproof, 784
Overcoat, 784
Electric Surge, 785
Telepathy, 785
Psychic Surge, 786
Telepathy, 786
Grassy Surge, 787
Telepathy, 787
Misty Surge, 788
Telepathy, 788
Unaware, 789
Sturdy, 790
Full Metal Body, 791
Shadow Shield, 792
Beast Boost, 793
Beast Boost, 794
Beast Boost, 795
Beast Boost, 796
Beast Boost, 797
Beast Boost, 798
Beast Boost, 799
Prism Armor, 800
Soul-Heart, 801
Technician, 802
Beast Boost, 803
Beast Boost, 804
Beast Boost, 805
Beast Boost, 806
Volt Absorb, 807
Magnet Pull, 808
Iron Fist, 809
